<?xml version="1.0" encoding="UTF-8" standalone="yes"?>

<enumtype
    xmlns:xsi="http://www.w3.org/2001/XMLSchema-instance"
    xsi:noNamespaceSchemaLocation="../../../../../metamodel/enumtype.xsd"
    package="mdalight.domain.math"
    name="UnitLength">
    <header>
        <column name="shortname" type="java.lang.String"/>
    </header>
	<enum name="kilometers">
        <cell name="shortname" value="km"/>
    </enum>
	<enum name="meters">
        <cell name="shortnam" value="m"/>
    </enum>
	<enum name="decimeters">
        <cell name="shortname" value="dm"/>        
    </enum>
	<enum name="centimeters">
        <cell name="shortname" value="cm"/>
    </enum>
	<enum name="millimeters">
        <cell name="shortname" value="mm"/>
    </enum>
	<enum name="micrometers">
        <cell name="shortname" value="um"/>
    </enum>
	<enum name="nanometers">
        <cell name="shortname" value="nm"/>
    </enum>
	<enum name="picometers">
        <cell name="shortname" value="pm"/>
    </enum>
</enumtype>
