<?xml version="1.0" encoding="UTF8" standalone="yes"?>

<quantitytype name="mdalight.domain.math.Length" 
	unitenum="mdalight.domain.math.UnitLength">
	<unit name="kilometers" factor="1E3"/>
	<unit name="meters" factor="1"/>
	<unit name="decimeters" factor="/1E1"/>
	<unit name="centimeters" factor="/1E2"/>
	<unit name="millimeters" factor="/1E3"/>
	<unit name="micrometers" factor="/1E6"/>
	<unit name="nanometers" factor="/1E9"/>
	<unit name="picometers" factor="/1E12"/>
</quantitytype>
