<?xml version="1.0" encoding="ISO-8859-1" standalone="yes"?>

<applicationcfg name="MdaLight" rootpackage="mdalight">
    <beaneditor beantype="mdalight.domain.TestMda">
        <propertycfg name="name"/>
        <propertycfg name="sex"/>
        <propertycfg name="height" detail="shortname"/>
        <propertycfg name="price" detail="sign"/>
    </beaneditor>
    <mainwindow name="mainwindow">
        <menubar name="menubar">
            <menu name="file">
                <menuitem name="quit">
                    <action classname="org.rapidbeans.service.ActionQuit"/>
                </menuitem>
            </menu>
        </menubar>
    </mainwindow>
</applicationcfg>
