<?xml version="1.0" encoding="UTF-8"?>
<!DOCTYPE enumtype SYSTEM "../../../../../metamodel/enumtype.dtd">
<enumtype
    package="mdalight.domain.finance"
    name="Currency">
    <header>
        <column name="short2" type="String"/>
        <column name="short3" type="String"/>
        <column name="sign" type="String"/>
    </header>
    <enum name="euro">
        <cell name="short2" value="EU"/>
        <cell name="short3" value="EUR"/>
        <cell name="sign" value="\u20AC"/>
    </enum>
    <enum name="dollar">
        <cell name="short2" value="UD"/>
        <cell name="short3" value="USD"/>
        <cell name="sign" value="$"/>
    </enum>
    <enum name="pound">
        <cell name="short2" value="GP"/>
        <cell name="short3" value="GBP"/>
        <cell name="sign" value="\u00A3"/>
    </enum>
</enumtype>
